Mo_1,Mo_3,Mo_6,Yr_1,Yr_2,Yr_3,Yr_5,Yr_7,Yr_10,Yr_20,Yr_30
0.1022801139812923,0.06952485572165312,0.05341840190185635,0.04726180070507054,0.05211828216927256,0.05761753477980477,0.06439958663910589,0.0653138283969263,0.06289884142639367,0.06009265644020503,0.05938811265082018
